betageneId,IInsulin30,AIRG,DI,insIndex,BMI,bodyFatPercent,IGlucose0,IGlucose120,IInsulin0,IInsulin120,SG,SI,cholesterol,triglycerides,HDL,rs10830963,rs7754840
B1104,1158,3044,11106,25.9,36.8,36.5,5.1,4.3,60,48,0.016037,3.64839,5.38,0.85,1.47,0,
B74,,,,,21,,,,,,,,,,,,1
B102,,,,,,,,,,,,,,,,,
B135,,,,,,,,,,,,,,,,0,2
B170,,,,,,,,,,,,,,,,1,2
B221,,,,,,,,,,,,,,,,0,2
B482,,,,,,,,,,,,,,,,,
B525,,,,,,,,,,,,,,,,0,2
B554,,,,,,,,,,,,,,,,0,1
B577,,,,,,,,,,,,,,,,1,2
B609,,,,,19.8,,,,,,,,,,,0,1
B638,,,,,,,,,,,,,,,,0,1
B640,,,,,,,,,,,,,,,,1,0
B682,,,,,15.2,,,,,,,,,,,,0
B708,,,,,43.6,,,,,,,,,,,0,2
B732,,,,,28.5,,,,,,,,,,,0,0
B755,,,,,,,,,,,,,,,,,
B778,,,,,14.9,,,,,,,,,,,1,2
B885,,,,,15.1,,,,,,,,,,,,1
B911,,,,,19.8,,,,,,,,,,,1,1
B929,,,,,19.2,,,,,,,,,,,0,2
B1050,,,,,13,,,,,,,,,,,,1
B1079,,,,,24.3,,,,,,,,,,,0,2
B1109,,,,,21.5,,,,,,,,,,,,0
B1135,,,,,20.6,,,,,,,,,,,0,2
B1249,,,,,24.9,,,,,,,,,,,1,1
B1271,,,,,20.1,,,,,,,,,,,,2
B1307,,,,,17.6,,,,,,,,,,,2,2
B1344,,,,,19.5,,,,,,,,,,,,2
B1368,,,,,16.4,,,,,,,,,,,,
B1398,,,,,18.7,,,,,,,,,,,0,1
B1436,,,,,16.4,,,,,,,,,,,1,2
B1492,,,,,15.1,,,,,,,,,,,0,2
B1532,,,,,14.9,,,,,,,,,,,0,1
B1533,,,,,15.7,,,,,,,,,,,,
B1573,,,,,14.6,,,,,,,,,,,0,2
B1587,,,,,18.8,,,,,,,,,,,1,2
B1599,,,,,25.1,,,,,,,,,,,1,2
B1615,,,,,24.2,,,,,,,,,,,0,1
B1654,,,,,24,,,,,,,,,,,,2
B1672,,,,,,,,,,,,,,,,,
B1689,,,,,19.3,,,,,,,,,,,,
B1708,,,,,,,,,,,,,,,,,
B1728,,,,,15.5,,,,,,,,,,,0,0
B1730,,,,,17.6,,,,,,,,,,,,
B1753,,,,,33.9,,,,,,,,,,,1,2
B1896,,,,,16.6,,,,,,,,,,,,
B1935,,,,,26.7,,,,,,,,,,,0,2
B2073,,,,,26.9,,,,,,,,,,,,1
B2074,,,,,39.1,,,,,,,,,,,1,1
B2125,,,,,28.8,,,,,,,,,,,1,2
B2151,,,,,21.7,,,,,,,,,,,1,2
B2300,,,,,29.7,,,,,,,,,,,0,1
B2301,,,,,26.1,,,,,,,,,,,0,1
B2365,,,,,21.3,,,,,,,,,,,0,2
B2390,,,,,25.8,,,,,,,,,,,1,2
B2391,,,,,16.1,,,,,,,,,,,2,2
B2392,,,,,17.4,,,,,,,,,,,1,2
B2482,,,,,20.7,,,,,,,,,,,1,0
B2483,,,,,19.7,,,,,,,,,,,,2
B2484,,,,,15.4,,,,,,,,,,,,0
B2506,,,,,22.8,,,,,,,,,,,2,1
B2507,,,,,22.8,,,,,,,,,,,0,1
B2541,,,,,35.9,,,,,,,,,,,0,2
B2578,,,,,27.3,,,,,,,,,,,0,1
B2579,,,,,29.3,,,,,,,,,,,0,1
B2580,,,,,14.8,,,,,,,,,,,,
B2610,,,,,20.3,,,,,,,,,,,1,1
B2653,,,,,16.2,,,,,,,,,,,,
B2687,,,,,38.4,,,,,,,,,,,,
B2772,,,,,19.4,,,,,,,,,,,,
B2802,,,,,26,,,,,,,,,,,,
B2824,,,,,14.2,,,,,,,,,,,0,
B2847,,,,,20.9,,,,,,,,,,,,
B2868,,,,,16.3,,,,,,,,,,,,
B2937,,,,,,,,,,,,,,,,0,1
B3015,,,,,16.4,,,,,,,,,,,,
B3035,,,,,12.9,,,,,,,,,,,,
B3056,,,,,15.3,,,,,,,,,,,,
B3077,,,,,22.3,,,,,,,,,,,,
B3103,,,,,29.8,,,,,,,,,,,0,1
B3104,,,,,18,,,,,,,,,,,1,1
B3172,,,,,18.3,,,,,,,,,,,,
B3215,,,,,17.3,,,,,,,,,,,1,1
B3245,,,,,14.6,,,,,,,,,,,,1
B3271,,,,,15.8,,,,,,,,,,,1,1
B3298,,,,,18.1,,,,,,,,,,,1,2
B3315,,,,,22.1,,,,,,,,,,,,
B3344,,,,,16.3,,,,,,,,,,,2,1
B3414,,,,,13.8,,,,,,,,,,,0,2
B3446,,,,,15.1,,,,,,,,,,,0,0
B3520,,,,,25.9,,,,,,,,,,,1,0
B3555,,,,,20.2,,,,,,,,,,,,
B3578,,,,,41,,,,,,,,,,,1,2
B3594,,,,,19.1,,,,,,,,,,,,
B3595,,,,,,,,,,,,,,,,,
B3618,,,,,28.1,,,,,,,,,,,0,2
B3634,,,,,14.9,,,,,,,,,,,0,2
B3659,,,,,20.1,,,,,,,,,,,,
B3681,,,,,29.9,,,,,,,,,,,,
B3704,,,,,24.7,,,,,,,,,,,1,1
B3721,,,,,17,,,,,,,,,,,,
B3756,,,,,18.6,,,,,,,,,,,,
B3774,,,,,26.6,,,,,,,,,,,1,2
B3775,,,,,22.9,,,,,,,,,,,0,2
B3795,,,,,15.4,,,,,,,,,,,,
B3809,,,,,16,,,,,,,,,,,,
B3829,,,,,24,,,,,,,,,,,1,1
B3879,,,,,17.4,,,,,,,,,,,,
B3913,,,,,14.4,,,,,,,,,,,0,2
B3944,,,,,19.3,,,,,,,,,,,,
B3962,,,,,17.9,,,,,,,,,,,,
B3997,,,,,21.3,,,,,,,,,,,1,0
B4013,,,,,14.4,,,,,,,,,,,,
B4027,,,,,17.5,,,,,,,,,,,,
B4057,,,,,14.7,,,,,,,,,,,1,2
B4101,,,,,20.3,,,,,,,,,,,,
B4125,,,,,17.3,,,,,,,,,,,0,1
B4157,,,,,23.4,,,,,,,,,,,1,2
B4205,,,,,28.4,,,,,,,,,,,1,0
B4239,,,,,23.3,,,,,,,,,,,0,1
B4262,,,,,21.5,,,,,,,,,,,1,1
B4283,,,,,17.4,,,,,,,,,,,,
B4296,,,,,14.9,,,,,,,,,,,0,1
B4337,,,,,23.1,,,,,,,,,,,0,1
B4353,,,,,18,,,,,,,,,,,0,2
B4365,,,,,19.8,,,,,,,,,,,0,1
B4402,,,,,16.8,,,,,,,,,,,,
B4441,,,,,33.1,,,,,,,,,,,1,2
B4469,,,,,20.2,,,,,,,,,,,1,1
B4490,,,,,23.2,,,,,,,,,,,0,1
B4491,,,,,17.9,,,,,,,,,,,,
B4510,,,,,24.2,,,,,,,,,,,1,2
B4547,,,,,23.9,,,,,,,,,,,0,2
B4568,,,,,17.1,,,,,,,,,,,,
B4601,,,,,18.6,,,,,,,,,,,,
B4624,,,,,19.1,,,,,,,,,,,0,0
B4656,,,,,22.7,,,,,,,,,,,1,2
B4686,,,,,20.5,,,,,,,,,,,0,1
B4707,,,,,23.7,,,,,,,,,,,0,1
B4731,,,,,18.8,,,,,,,,,,,0,0
B4746,,,,,16.7,,,,,,,,,,,0,2
B4761,,,,,21.4,,,,,,,,,,,0,0
B4798,,,,,13.7,,,,,,,,,,,,2
B4816,,,,,15.4,,,,,,,,,,,0,2
B4817,,,,,15.1,,,,,,,,,,,0,2
B4827,,,,,19.9,,,,,,,,,,,1,2
B4840,,,,,20.1,,,,,,,,,,,0,2
B4852,,,,,21.6,,,,,,,,,,,2,2
B4872,,,,,18.2,,,,,,,,,,,0,2
B4890,,,,,23.7,,,,,,,,,,,0,1
B4905,,,,,18.6,,,,,,,,,,,1,2
B4923,,,,,18.6,,,,,,,,,,,,2
B4943,,,,,14.6,,,,,,,,,,,,
B4956,,,,,21.7,,,,,,,,,,,1,2
B4957,,,,,20,,,,,,,,,,,0,
B4987,,,,,24.3,,,,,,,,,,,0,2
B5013,,,,,20.3,,,,,,,,,,,1,2
B5053,,,,,16.8,,,,,,,,,,,,
B5069,,,,,20.6,,,,,,,,,,,2,0
B5088,,,,,18,,,,,,,,,,,,
B5106,,,,,20.3,,,,,,,,,,,2,
B5123,,,,,17.2,,,,,,,,,,,,
B5146,,,,,17.8,,,,,,,,,,,,
B5167,,,,,16.2,,,,,,,,,,,,
B5168,,,,,18.3,,,,,,,,,,,0,
B5192,,,,,21.2,,,,,,,,,,,0,0
B5193,,,,,22.1,,,,,,,,,,,0,0
B5209,,,,,16.1,,,,,,,,,,,1,1
B5223,,,,,19,,,,,,,,,,,0,2
B5245,,,,,9.3,,,,,,,,,,,1,2
B5268,,,,,16.7,,,,,,,,,,,,
B5286,,,,,15.5,,,,,,,,,,,1,
B5302,,,,,19.9,,,,,,,,,,,2,1
B5322,,,,,18.4,,,,,,,,,,,0,1
B5342,,,,,12.9,,,,,,,,,,,0,2
B5367,,,,,18.1,,,,,,,,,,,0,0
B5386,,,,,,,,,,,,,,,,2,
B5405,,,,,19.9,,,,,,,,,,,1,0
B5406,,,,,17.1,,,,,,,,,,,1,0
B5431,,,,,22.9,,,,,,,,,,,,
B5448,,,,,14.4,,,,,,,,,,,,
B5460,,,,,17,,,,,,,,,,,,
B5478,,,,,22.7,,,,,,,,,,,,
B5508,,,,,18.7,,,,,,,,,,,,
B5530,,,,,16.6,,,,,,,,,,,,
B5547,,,,,23.1,,,,,,,,,,,,
B5582,,,,,17.3,,,,,,,,,,,,
B5595,,,,,16.4,,,,,,,,,,,,
B5596,,,,,20.1,,,,,,,,,,,,
B5628,,,,,16.1,,,,,,,,,,,,
B5644,,,,,16.2,,,,,,,,,,,,
B5656,,,,,18.3,,,,,,,,,,,,
B5671,,,,,18.1,,,,,,,,,,,,
B5692,,,,,14.4,,,,,,,,,,,,
B5712,,,,,18.2,,,,,,,,,,,,
B5726,,,,,13.8,,,,,,,,,,,,
B5727,,,,,16.4,,,,,,,,,,,,
B5749,,,,,15.2,,,,,,,,,,,,
B5795,,,,,18.4,,,,,,,,,,,,
B5808,,,,,15.5,,,,,,,,,,,,
B5828,,,,,34.1,,,,,,,,,,,,
B5852,,,,,25.6,,,,,,,,,,,,
B5870,,,,,20.4,,,,,,,,,,,,
B5894,,,,,13.8,,,,,,,,,,,,
B5909,,,,,21.1,,,,,,,,,,,,
B5929,,,,,13.7,,,,,,,,,,,,
B5949,,,,,18.9,,,,,,,,,,,,
B5958,,,,,16.9,,,,,,,,,,,,
B5979,,,,,15.3,,,,,,,,,,,,
B6000,,,,,15.4,,,,,,,,,,,,
B6013,,,,,17.6,,,,,,,,,,,,
B6036,,,,,17.1,,,,,,,,,,,,
B6037,,,,,13.9,,,,,,,,,,,,
B6064,,,,,41.2,,,,,,,,,,,,
B6086,,,,,18.5,,,,,,,,,,,,
B6102,,,,,17.2,,,,,,,,,,,,
B6117,,,,,22,,,,,,,,,,,,
B6134,,,,,20.2,,,,,,,,,,,,
B6159,,,,,17.9,,,,,,,,,,,,
B6186,,,,,16.8,,,,,,,,,,,,
B6204,,,,,23.1,,,,,,,,,,,,
B6228,,,,,15,,,,,,,,,,,,
B6251,,,,,16.3,,,,,,,,,,,,
B6252,,,,,16.7,,,,,,,,,,,,
B6272,,,,,10.4,,,,,,,,,,,,
B6289,,,,,15.6,,,,,,,,,,,,
B6314,,,,,30.4,,,,,,,,,,,,
B6334,,,,,16.6,,,,,,,,,,,,
B6366,,,,,18.1,,,,,,,,,,,,
B6367,,,,,23.2,,,,,,,,,,,,
B6380,,,,,19.2,,,,,,,,,,,,
B6381,,,,,14.9,,,,,,,,,,,,
B6395,,,,,17.4,,,,,,,,,,,,
B6402,,,,,24.4,,,,,,,,,,,,
B6408,,,,,21.4,,,,,,,,,,,0,2
B6414,,,,,21,,,,,,,,,,,0,2
B6423,,,,,24.3,,,,,,,,,,,0,2
B6429,,,,,19.2,,,,,,,,,,,0,2
B6440,,,,,19,,,,,,,,,,,0,1
B6450,,,,,24.3,,,,,,,,,,,0,1
B6451,,,,,18.4,,,,,,,,,,,0,2
B6456,,,,,19.3,,,,,,,,,,,0,1
B6457,,,,,16.4,,,,,,,,,,,0,1
B6466,,,,,17.7,,,,,,,,,,,0,1
B6473,,,,,15.2,,,,,,,,,,,1,1
B6477,,,,,19.9,,,,,,,,,,,0,1
B6480,,,,,19.1,,,,,,,,,,,1,1
B6486,,,,,,,,,,,,,,,,0,2
B6489,,,,,17.2,,,,,,,,,,,1,2
B6492,,,,,17.1,,,,,,,,,,,1,2
B6500,,,,,14.1,,,,,,,,,,,,
B6503,,,,,15.9,,,,,,,,,,,,
B6510,,,,,17.4,,,,,,,,,,,,
B6517,,,,,21.9,,,,,,,,,,,1,1
B6518,,,,,,,,,,,,,,,,,
B6522,,,,,16.1,,,,,,,,,,,0,2
B6526,,,,,15.8,,,,,,,,,,,,
B6530,,,,,26.3,,,,,,,,,,,1,2
B6534,,,,,16.4,,,,,,,,,,,,
B6538,,,,,15.3,,,,,,,,,,,0,1
B6542,,,,,14.2,,,,,,,,,,,,
B6548,,,,,17.4,,,,,,,,,,,0,1
B6553,,,,,14.5,,,,,,,,,,,0,0
B6559,,,,,,,,,,,,,,,,,
B6560,,,,,,,,,,,,,,,,,
B6561,,,,,18.8,,,,,,,,,,,,
B6564,,,,,16.3,,,,,,,,,,,,
B6568,,,,,26,,,,,,,,,,,,
B6571,,,,,17.9,,,,,,,,,,,,
B6576,,,,,30.3,,,,,,,,,,,,
B6582,,,,,22.5,,,,,,,,,,,,
B6583,,,,,18.4,,,,,,,,,,,0,2
B6586,,,,,20,,,,,,,,,,,1,2
B6587,,,,,22.3,,,,,,,,,,,,2
B6594,,,,,15.6,,,,,,,,,,,,
B6599,,,,,16.4,,,,,,,,,,,,
B6603,,,,,21.3,,,,,,,,,,,0,2
B6607,,,,,17.1,,,,,,,,,,,0,2
B6608,,,,,15.6,,,,,,,,,,,0,1
B6612,,,,,15.3,,,,,,,,,,,,1
B6616,,,,,16,,,,,,,,,,,0,2
B6617,,,,,15.2,,,,,,,,,,,0,2
B6618,,,,,15.9,,,,,,,,,,,1,1
B6621,,,,,21.5,,,,,,,,,,,,
B6625,,,,,25.2,,,,,,,,,,,0,1
B6630,,,,,16.8,,,,,,,,,,,1,2
B6634,,,,,22.2,,,,,,,,,,,1,1
B6636,,,,,15.5,,,,,,,,,,,1,1
B6641,,,,,18.4,,,,,,,,,,,2,1
B6645,,,,,15.5,,,,,,,,,,,,2
B6646,,,,,16.6,,,,,,,,,,,0,1
B6651,,,,,25.7,,,,,,,,,,,,
B6654,,,,,23.7,,,,,,,,,,,0,2
B6660,,,,,18.4,,,,,,,,,,,,
B6663,,,,,25.6,,,,,,,,,,,0,2
B6667,,,,,20,,,,,,,,,,,1,1
B6690,,,,,14.4,,,,,,,,,,,,
B6698,,,,,21.3,,,,,,,,,,,,
B6709,,,,,20.1,,,,,,,,,,,,
B6713,,,,,17.3,,,,,,,,,,,,
B6718,,,,,,,,,,,,,,,,,
B6729,,,,,44.9,,,,,,,,,,,,
B6732,,,,,24.5,,,,,,,,,,,0,2
B6740,,,,,17.3,,,,,,,,,,,,
B6745,,,,,16.3,,,,,,,,,,,,
B6746,,,,,17.4,,,,,,,,,,,,
B6752,,,,,21.5,,,,,,,,,,,0,2
B6761,,,,,26.4,,,,,,,,,,,,
B6765,,,,,16.9,,,,,,,,,,,0,0
B6776,,,,,26,,,,,,,,,,,0,0
B6782,,,,,18.3,,,,,,,,,,,,
B6785,,,,,20.6,,,,,,,,,,,,
B6790,,,,,31.7,,,,,,,,,,,1,1
B6795,,,,,15.7,,,,,,,,,,,1,1
B6802,,,,,18.9,,,,,,,,,,,,
B6806,,,,,18.9,,,,,,,,,,,,
B6809,,,,,17.2,,,,,,,,,,,,
B6812,,,,,24.4,,,,,,,,,,,,
B6817,,,,,15.7,,,,,,,,,,,,
B6820,,,,,23.6,,,,,,,,,,,0,1
B6828,,,,,15.6,,,,,,,,,,,,
B6831,,,,,16.2,,,,,,,,,,,0,2
B6834,,,,,15.5,,,,,,,,,,,,
B6838,,,,,17.3,,,,,,,,,,,0,2
B6851,,,,,19.6,,,,,,,,,,,,
B6854,,,,,24.5,,,,,,,,,,,0,2
B6861,,,,,16,,,,,,,,,,,,
B6865,,,,,19.6,,,,,,,,,,,,1
B6871,,,,,18.3,,,,,,,,,,,,
B6876,,,,,16,,,,,,,,,,,,
B6881,,,,,22,,,,,,,,,,,,2
B6882,,,,,12.9,,,,,,,,,,,1,2
B6890,,,,,17.2,,,,,,,,,,,,
B6895,,,,,17,,,,,,,,,,,,
B6903,,,,,16.1,,,,,,,,,,,0,2
B6908,,,,,25.3,,,,,,,,,,,1,2
B6915,,,,,17,,,,,,,,,,,,
B6927,,,,,16.4,,,,,,,,,,,0,1
B6931,,,,,15.8,,,,,,,,,,,0,1
B6937,,,,,19.7,,,,,,,,,,,0,0
B6943,,,,,18,,,,,,,,,,,,
B6946,,,,,16.4,,,,,,,,,,,0,2
B6956,,,,,21,,,,,,,,,,,1,2
B6962,,,,,15.4,,,,,,,,,,,0,2
B6970,,,,,17.2,,,,,,,,,,,1,1
B6975,,,,,16.8,,,,,,,,,,,1,2
B6991,,,,,30,,,,,,,,,,,0,1
B6997,,,,,16.3,,,,,,,,,,,,
B7007,,,,,14.4,,,,,,,,,,,,
B7011,,,,,16.1,,,,,,,,,,,,2
B7014,,,,,18.2,,,,,,,,,,,0,2
B7020,,,,,22.1,,,,,,,,,,,0,2
B7025,,,,,15,,,,,,,,,,,0,1
B7029,,,,,18.1,,,,,,,,,,,,
B7032,,,,,16.4,,,,,,,,,,,,
B7037,,,,,25.3,,,,,,,,,,,,
B7042,,,,,24.1,,,,,,,,,,,0,2
B7048,,,,,21.4,,,,,,,,,,,0,2
B7054,,,,,19.6,,,,,,,,,,,0,1
B7066,,,,,15.5,,,,,,,,,,,,
B7072,,,,,17.9,,,,,,,,,,,,
B7076,,,,,19,,,,,,,,,,,0,0
B7080,,,,,27,,,,,,,,,,,1,2
B7086,,,,,18,,,,,,,,,,,,
B7090,,,,,27.4,,,,,,,,,,,0,2
B7096,,,,,20.5,,,,,,,,,,,,
B7101,,,,,,,,,,,,,,,,,
B7104,,,,,19.6,,,,,,,,,,,2,1
B7114,,,,,22.5,,,,,,,,,,,,
B7125,,,,,16.9,,,,,,,,,,,,
B7128,,,,,18.6,,,,,,,,,,,1,2
B7134,,,,,14.7,,,,,,,,,,,0,2
B7142,,,,,21,,,,,,,,,,,0,1
B7147,,,,,16.6,,,,,,,,,,,0,1
B7152,,,,,18.9,,,,,,,,,,,1,2
B7157,,,,,19.6,,,,,,,,,,,1,1
B7161,,,,,19.4,,,,,,,,,,,0,0
B7169,,,,,15.1,,,,,,,,,,,0,1
B7178,,,,,17,,,,,,,,,,,0,1
B7184,,,,,28.8,,,,,,,,,,,,
B7191,,,,,18.6,,,,,,,,,,,,
B7195,,,,,20,,,,,,,,,,,0,1
B7209,,,,,14.7,,,,,,,,,,,0,2
B7224,,,,,22.6,,,,,,,,,,,2,1
B7227,,,,,17,,,,,,,,,,,,
B7230,,,,,15.7,,,,,,,,,,,1,2
B7235,,,,,22.4,,,,,,,,,,,1,2
B7240,,,,,23.7,,,,,,,,,,,0,1
B7247,,,,,14.5,,,,,,,,,,,0,2
B7254,,,,,17.4,,,,,,,,,,,0,1
B7257,,,,,,,,,,,,,,,,,
B7260,,,,,17.9,,,,,,,,,,,1,1
B7265,,,,,18.4,,,,,,,,,,,,2
B7271,,,,,18.1,,,,,,,,,,,0,1
B7276,,,,,25.1,,,,,,,,,,,,1
B7299,,,,,18.8,,,,,,,,,,,1,0
B7302,,,,,24.7,,,,,,,,,,,0,1
B7310,,,,,17,,,,,,,,,,,2,0
B7315,,,,,17.2,,,,,,,,,,,0,2
B7320,,,,,14.9,,,,,,,,,,,,
B7322,,,,,16.5,,,,,,,,,,,,
B7331,,,,,19.5,,,,,,,,,,,2,2
B7336,,,,,18.7,,,,,,,,,,,1,2
B7348,,,,,13.6,,,,,,,,,,,0,1
B7353,,,,,15.7,,,,,,,,,,,0,2
B7356,,,,,19.4,,,,,,,,,,,1,2
B7362,,,,,15.6,,,,,,,,,,,0,0
B7371,,,,,17.2,,,,,,,,,,,,
B7376,,,,,15.8,,,,,,,,,,,,
B7385,,,,,17.3,,,,,,,,,,,,
B7392,,,,,16,,,,,,,,,,,,
B7395,,,,,18.1,,,,,,,,,,,,
B7407,,,,,17.8,,,,,,,,,,,,
B7410,,,,,20.8,,,,,,,,,,,,
B7417,,,,,20.1,,,,,,,,,,,,
B7427,,,,,20.3,,,,,,,,,,,,
B7433,,,,,19.9,,,,,,,,,,,,
B7447,,,,,17.2,,,,,,,,,,,,
B7450,,,,,19.7,,,,,,,,,,,,
B7466,,,,,18.6,,,,,,,,,,,,
B7473,,,,,17.7,,,,,,,,,,,,
B7476,,,,,17.1,,,,,,,,,,,,
B7488,,,,,18.9,,,,,,,,,,,,
B7491,,,,,26.8,,,,,,,,,,,,
B7498,,,,,19.6,,,,,,,,,,,,
B7524,,,,,18,,,,,,,,,,,,
B7529,,,,,25,,,,,,,,,,,,
B7544,,,,,28,,,,,,,,,,,,
B1092,,,,,,,,,,,,,,,,,
B71,,,,,,,,,,,,,,,,,
B93,,,,,,,,,,,,,,,,,
B127,,,,,,,,,,,,,,,,,
B164,,,,,,,,,,,,,,,,,
B216,,,,,,,,,,,,,,,,,
B469,,,,,,,,,,,,,,,,,
B515,,,,,,,,,,,,,,,,,
B551,,,,,,,,,,,,,,,,,
B572,,,,,,,,,,,,,,,,,
B602,,,,,,,,,,,,,,,,,
B627,,,,,,,,,,,,,,,,,
B629,,,,,,,,,,,,,,,,,
B677,,,,,,,,,,,,,,,,,
B699,,,,,,,,,,,,,,,,,
B725,,,,,,,,,,,,,,,,,
B749,,,,,,,,,,,,,,,,,
B771,,,,,,,,,,,,,,,,,
B882,,,,,,,,,,,,,,,,,
B903,,,,,,,,,,,,,,,,,
B924,,,,,,,,,,,,,,,,,
B1042,,,,,,,,,,,,,,,,,
B1069,,,,,,,,,,,,,,,,,
B1100,,,,,,,,,,,,,,,,,
B1128,,,,,,,,,,,,,,,,,
B1244,,,,,,,,,,,,,,,,,
B1266,,,,,,,,,,,,,,,,,
B1297,,,,,,,,,,,,,,,,,
B1338,,,,,,,,,,,,,,,,,
B1362,,,,,,,,,,,,,,,,,
B1392,,,,,,,,,,,,,,,,,
B1425,,,,,,,,,,,,,,,,,
B1484,,,,,,,,,,,,,,,,,
B1530,,,,,,,,,,,,,,,,,
B1530,,,,,,,,,,,,,,,,,
B1561,,,,,,,,,,,,,,,,,
B1586,,,,,,,,,,,,,,,,,
B1598,,,,,,,,,,,,,,,,,
B1611,,,,,,,,,,,,,,,,,
B1646,,,,,,,,,,,,,,,,,
B1671,,,,,,,,,,,,,,,,,
B1684,,,,,,,,,,,,,,,,,
B1705,,,,,,,,,,,,,,,,,
B1721,,,,,,,,,,,,,,,,,
B1722,,,,,,,,,,,,,,,,,
B1747,,,,,,,,,,,,,,,,,
B1888,,,,,,,,,,,,,,,,,
B1929,,,,,,,,,,,,,,,,,
B2061,,,,,,,,,,,,,,,,,
B2061,,,,,,,,,,,,,,,,,
B2120,,,,,,,,,,,,,,,,,
B2143,,,,,,,,,,,,,,,,,
B2291,,,,,,,,,,,,,,,,,
B2291,,,,,,,,,,,,,,,,,
B2364,,,,,,,,,,,,,,,,,
B2381,,,,,,,,,,,,,,,,,
B2381,,,,,,,,,,,,,,,,,
B2381,,,,,,,,,,,,,,,,,
B2476,,,,,,,,,,,,,,,,,
B2476,,,,,,,,,,,,,,,,,
B2476,,,,,,,,,,,,,,,,,
B2500,,,,,,,,,,,,,,,,,
B2500,,,,,,,,,,,,,,,,,
B2536,,,,,,,,,,,,,,,,,
B2566,,,,,,,,,,,,,,,,,
B2566,,,,,,,,,,,,,,,,,
B2567,,,,,,,,,,,,,,,,,
B2607,,,,,,,,,,,,,,,,,
B2641,,,,,,,,,,,,,,,,,
B2678,,,,,,,,,,,,,,,,,
B2759,,,,,,,,,,,,,,,,,
B2796,,,,,,,,,,,,,,,,,
B2822,,,,,,,,,,,,,,,,,
B2842,,,,,,,,,,,,,,,,,
B2861,,,,,,,,,,,,,,,,,
B2932,,,,,,,,,,,,,,,,,
B3009,,,,,,,,,,,,,,,,,
B3032,,,,,,,,,,,,,,,,,
B3051,,,,,,,,,,,,,,,,,
B3071,,,,,,,,,,,,,,,,,
B3098,,,,,,,,,,,,,,,,,
B3098,,,,,,,,,,,,,,,,,
B3168,,,,,,,,,,,,,,,,,
B3208,,,,,,,,,,,,,,,,,
B3241,,,,,,,,,,,,,,,,,
B3263,,,,,,,,,,,,,,,,,
B3294,,,,,,,,,,,,,,,,,
B3310,,,,,,,,,,,,,,,,,
B3334,,,,,,,,,,,,,,,,,
B3409,,,,,,,,,,,,,,,,,
B3441,,,,,,,,,,,,,,,,,
B3510,,,,,,,,,,,,,,,,,
B3550,,,,,,,,,,,,,,,,,
B3576,,,,,,,,,,,,,,,,,
B3591,,,,,,,,,,,,,,,,,
B3591,,,,,,,,,,,,,,,,,
B3610,,,,,,,,,,,,,,,,,
B3633,,,,,,,,,,,,,,,,,
B3651,,,,,,,,,,,,,,,,,
B3677,,,,,,,,,,,,,,,,,
B3702,,,,,,,,,,,,,,,,,
B3719,,,,,,,,,,,,,,,,,
B3753,,,,,,,,,,,,,,,,,
B3772,,,,,,,,,,,,,,,,,
B3772,,,,,,,,,,,,,,,,,
B3789,,,,,,,,,,,,,,,,,
B3808,,,,,,,,,,,,,,,,,
B3823,,,,,,,,,,,,,,,,,
B3874,,,,,,,,,,,,,,,,,
B3906,,,,,,,,,,,,,,,,,
B3942,,,,,,,,,,,,,,,,,
B3959,,,,,,,,,,,,,,,,,
B3993,,,,,,,,,,,,,,,,,
B4010,,,,,,,,,,,,,,,,,
B4026,,,,,,,,,,,,,,,,,
B4046,,,,,,,,,,,,,,,,,
B4095,,,,,,,,,,,,,,,,,
B4117,,,,,,,,,,,,,,,,,
B4148,,,,,,,,,,,,,,,,,
B4201,,,,,,,,,,,,,,,,,
B4232,,,,,,,,,,,,,,,,,
B4260,,,,,,,,,,,,,,,,,
B4278,,,,,,,,,,,,,,,,,
B4294,,,,,,,,,,,,,,,,,
B4329,,,,,,,,,,,,,,,,,
B4352,,,,,,,,,,,,,,,,,
B4362,,,,,,,,,,,,,,,,,
B4393,,,,,,,,,,,,,,,,,
B4430,,,,,,,,,,,,,,,,,
B4466,,,,,,,,,,,,,,,,,
B4486,,,,,,,,,,,,,,,,,
B4487,,,,,,,,,,,,,,,,,
B4506,,,,,,,,,,,,,,,,,
B4544,,,,,,,,,,,,,,,,,
B4562,,,,,,,,,,,,,,,,,
B4592,,,,,,,,,,,,,,,,,
B4618,,,,,,,,,,,,,,,,,
B4650,,,,,,,,,,,,,,,,,
B4681,,,,,,,,,,,,,,,,,
B4701,,,,,,,,,,,,,,,,,
B4728,,,,,,,,,,,,,,,,,
B4743,,,,,,,,,,,,,,,,,
B4760,,,,,,,,,,,,,,,,,
B4794,,,,,,,,,,,,,,,,,
B4814,,,,,,,,,,,,,,,,,
B4814,,,,,,,,,,,,,,,,,
B4826,,,,,,,,,,,,,,,,,
B4837,,,,,,,,,,,,,,,,,
B4850,,,,,,,,,,,,,,,,,
B4867,,,,,,,,,,,,,,,,,
B4889,,,,,,,,,,,,,,,,,
B4903,,,,,,,,,,,,,,,,,
B4917,,,,,,,,,,,,,,,,,
B4939,,,,,,,,,,,,,,,,,
B4954,,,,,,,,,,,,,,,,,
B4955,,,,,,,,,,,,,,,,,
B4974,,,,,,,,,,,,,,,,,
B5010,,,,,,,,,,,,,,,,,
B5048,,,,,,,,,,,,,,,,,
B5067,,,,,,,,,,,,,,,,,
B5084,,,,,,,,,,,,,,,,,
B5103,,,,,,,,,,,,,,,,,
B5117,,,,,,,,,,,,,,,,,
B5143,,,,,,,,,,,,,,,,,
B5159,,,,,,,,,,,,,,,,,
B5159,,,,,,,,,,,,,,,,,
B5188,,,,,,,,,,,,,,,,,
B5188,,,,,,,,,,,,,,,,,
B5207,,,,,,,,,,,,,,,,,
B5221,,,,,,,,,,,,,,,,,
B5238,,,,,,,,,,,,,,,,,
B5262,,,,,,,,,,,,,,,,,
B5282,,,,,,,,,,,,,,,,,
B5299,,,,,,,,,,,,,,,,,
B5316,,,,,,,,,,,,,,,,,
B5338,,,,,,,,,,,,,,,,,
B5364,,,,,,,,,,,,,,,,,
B5380,,,,,,,,,,,,,,,,,
B5401,,,,,,,,,,,,,,,,,
B5401,,,,,,,,,,,,,,,,,
B5425,,,,,,,,,,,,,,,,,
B5446,,,,,,,,,,,,,,,,,
B5459,,,,,,,,,,,,,,,,,
B5472,,,,,,,,,,,,,,,,,
B5500,,,,,,,,,,,,,,,,,
B5527,,,,,,,,,,,,,,,,,
B5544,,,,,,,,,,,,,,,,,
B5580,,,,,,,,,,,,,,,,,
B5594,,,,,,,,,,,,,,,,,
B5594,,,,,,,,,,,,,,,,,
B5624,,,,,,,,,,,,,,,,,
B5643,,,,,,,,,,,,,,,,,
B5654,,,,,,,,,,,,,,,,,
B5666,,,,,,,,,,,,,,,,,
B5687,,,,,,,,,,,,,,,,,
B5707,,,,,,,,,,,,,,,,,
B5724,,,,,,,,,,,,,,,,,
B5724,,,,,,,,,,,,,,,,,
B5741,,,,,,,,,,,,,,,,,
B5791,,,,,,,,,,,,,,,,,
B5806,,,,,,,,,,,,,,,,,
B5824,,,,,,,,,,,,,,,,,
B5846,,,,,,,,,,,,,,,,,
B5868,,,,,,,,,,,,,,,,,
B5888,,,,,,,,,,,,,,,,,
B5906,,,,,,,,,,,,,,,,,
B5923,,,,,,,,,,,,,,,,,
B5945,,,,,,,,,,,,,,,,,
B5957,,,,,,,,,,,,,,,,,
B5970,,,,,,,,,,,,,,,,,
B5998,,,,,,,,,,,,,,,,,
B6011,,,,,,,,,,,,,,,,,
B6028,,,,,,,,,,,,,,,,,
B6028,,,,,,,,,,,,,,,,,
B6058,,,,,,,,,,,,,,,,,
B6084,,,,,,,,,,,,,,,,,
B6098,,,,,,,,,,,,,,,,,
B6114,,,,,,,,,,,,,,,,,
B6131,,,,,,,,,,,,,,,,,
B6153,,,,,,,,,,,,,,,,,
B6183,,,,,,,,,,,,,,,,,
B6198,,,,,,,,,,,,,,,,,
B6222,,,,,,,,,,,,,,,,,
B6247,,,,,,,,,,,,,,,,,
B6247,,,,,,,,,,,,,,,,,
B6267,,,,,,,,,,,,,,,,,
B6285,,,,,,,,,,,,,,,,,
B6308,,,,,,,,,,,,,,,,,
B6331,,,,,,,,,,,,,,,,,
B6364,,,,,,,,,,,,,,,,,
B6364,,,,,,,,,,,,,,,,,
B6378,,,,,,,,,,,,,,,,,
B6378,,,,,,,,,,,,,,,,,
B6394,,,,,,,,,,,,,,,,,
B6399,,,,,,,,,,,,,,,,,
B6407,,,,,,,,,,,,,,,,,
B6411,,,,,,,,,,,,,,,,,
B6422,,,,,,,,,,,,,,,,,
B6427,,,,,,,,,,,,,,,,,
B6439,,,,,,,,,,,,,,,,,
B6448,,,,,,,,,,,,,,,,,
B6449,,,,,,,,,,,,,,,,,
B6455,,,,,,,,,,,,,,,,,
B6455,,,,,,,,,,,,,,,,,
B6463,,,,,,,,,,,,,,,,,
B6472,,,,,,,,,,,,,,,,,
B6476,,,,,,,,,,,,,,,,,
B6479,,,,,,,,,,,,,,,,,
B6482,,,,,,,,,,,,,,,,,
B6488,,,,,,,,,,,,,,,,,
B6491,,,,,,,,,,,,,,,,,
B6497,,,,,,,,,,,,,,,,,
B6502,,,,,,,,,,,,,,,,,
B6506,,,,,,,,,,,,,,,,,
B6516,,,,,,,,,,,,,,,,,
B6516,,,,,,,,,,,,,,,,,
B6521,,,,,,,,,,,,,,,,,
B6525,,,,,,,,,,,,,,,,,
B6529,,,,,,,,,,,,,,,,,
B6533,,,,,,,,,,,,,,,,,
B6537,,,,,,,,,,,,,,,,,
B6541,,,,,,,,,,,,,,,,,
B6546,,,,,,,,,,,,,,,,,
B6552,,,,,,,,,,,,,,,,,
B6557,,,,,,,,,,,,,,,,,
B6558,,,,,,,,,,,,,,,,,
B6558,,,,,,,,,,,,,,,,,
B6563,,,,,,,,,,,,,,,,,
B6567,,,,,,,,,,,,,,,,,
B6570,,,,,,,,,,,,,,,,,
B6575,,,,,,,,,,,,,,,,,
B6581,,,,,,,,,,,,,,,,,
B6581,,,,,,,,,,,,,,,,,
B6585,,,,,,,,,,,,,,,,,
B6585,,,,,,,,,,,,,,,,,
B6593,,,,,,,,,,,,,,,,,
B6597,,,,,,,,,,,,,,,,,
B6602,,,,,,,,,,,,,,,,,
B6606,,,,,,,,,,,,,,,,,
B6606,,,,,,,,,,,,,,,,,
B6611,,,,,,,,,,,,,,,,,
B6615,,,,,,,,,,,,,,,,,
B6615,,,,,,,,,,,,,,,,,
B6615,,,,,,,,,,,,,,,,,
B6620,,,,,,,,,,,,,,,,,
B6624,,,,,,,,,,,,,,,,,
B6629,,,,,,,,,,,,,,,,,
B6633,,,,,,,,,,,,,,,,,
B6633,,,,,,,,,,,,,,,,,
B6640,,,,,,,,,,,,,,,,,
B6644,,,,,,,,,,,,,,,,,
B6644,,,,,,,,,,,,,,,,,
B6649,,,,,,,,,,,,,,,,,
B6653,,,,,,,,,,,,,,,,,
B6659,,,,,,,,,,,,,,,,,
B6662,,,,,,,,,,,,,,,,,
B6666,,,,,,,,,,,,,,,,,
B6687,,,,,,,,,,,,,,,,,
B6695,,,,,,,,,,,,,,,,,
B6707,,,,,,,,,,,,,,,,,
B6712,,,,,,,,,,,,,,,,,
B6717,,,,,,,,,,,,,,,,,
B6725,,,,,,,,,,,,,,,,,
B6731,,,,,,,,,,,,,,,,,
B6736,,,,,,,,,,,,,,,,,
B6742,,,,,,,,,,,,,,,,,
B6742,,,,,,,,,,,,,,,,,
B6751,,,,,,,,,,,,,,,,,
B6758,,,,,,,,,,,,,,,,,
B6764,,,,,,,,,,,,,,,,,
B6774,,,,,,,,,,,,,,,,,
B6780,,,,,,,,,,,,,,,,,
B6784,,,,,,,,,,,,,,,,,
B6788,,,,,,,,,,,,,,,,,
B6793,,,,,,,,,,,,,,,,,
B6799,,,,,,,,,,,,,,,,,
B6804,,,,,,,,,,,,,,,,,
B6808,,,,,,,,,,,,,,,,,
B6811,,,,,,,,,,,,,,,,,
B6816,,,,,,,,,,,,,,,,,
B6819,,,,,,,,,,,,,,,,,
B6824,,,,,,,,,,,,,,,,,
B6830,,,,,,,,,,,,,,,,,
B6833,,,,,,,,,,,,,,,,,
B6837,,,,,,,,,,,,,,,,,
B6848,,,,,,,,,,,,,,,,,
B6853,,,,,,,,,,,,,,,,,
B6860,,,,,,,,,,,,,,,,,
B6864,,,,,,,,,,,,,,,,,
B6870,,,,,,,,,,,,,,,,,
B6873,,,,,,,,,,,,,,,,,
B6879,,,,,,,,,,,,,,,,,
B6879,,,,,,,,,,,,,,,,,
B6884,,,,,,,,,,,,,,,,,
B6893,,,,,,,,,,,,,,,,,
B6900,,,,,,,,,,,,,,,,,
B6906,,,,,,,,,,,,,,,,,
B6912,,,,,,,,,,,,,,,,,
B6924,,,,,,,,,,,,,,,,,
B6930,,,,,,,,,,,,,,,,,
B6935,,,,,,,,,,,,,,,,,
B6940,,,,,,,,,,,,,,,,,
B6945,,,,,,,,,,,,,,,,,
B6951,,,,,,,,,,,,,,,,,
B6958,,,,,,,,,,,,,,,,,
B6969,,,,,,,,,,,,,,,,,
B6974,,,,,,,,,,,,,,,,,
B6990,,,,,,,,,,,,,,,,,
B6996,,,,,,,,,,,,,,,,,
B7004,,,,,,,,,,,,,,,,,
B7009,,,,,,,,,,,,,,,,,
B7013,,,,,,,,,,,,,,,,,
B7018,,,,,,,,,,,,,,,,,
B7023,,,,,,,,,,,,,,,,,
B7028,,,,,,,,,,,,,,,,,
B7031,,,,,,,,,,,,,,,,,
B7035,,,,,,,,,,,,,,,,,
B7041,,,,,,,,,,,,,,,,,
B7047,,,,,,,,,,,,,,,,,
B7052,,,,,,,,,,,,,,,,,
B7063,,,,,,,,,,,,,,,,,
B7069,,,,,,,,,,,,,,,,,
B7074,,,,,,,,,,,,,,,,,
B7079,,,,,,,,,,,,,,,,,
B7084,,,,,,,,,,,,,,,,,
B7088,,,,,,,,,,,,,,,,,
B7093,,,,,,,,,,,,,,,,,
B7098,,,,,,,,,,,,,,,,,
B7103,,,,,,,,,,,,,,,,,
B7113,,,,,,,,,,,,,,,,,
B7122,,,,,,,,,,,,,,,,,
B7127,,,,,,,,,,,,,,,,,
B7133,,,,,,,,,,,,,,,,,
B7137,,,,,,,,,,,,,,,,,
B7145,,,,,,,,,,,,,,,,,
B7150,,,,,,,,,,,,,,,,,
B7156,,,,,,,,,,,,,,,,,
B7159,,,,,,,,,,,,,,,,,
B7165,,,,,,,,,,,,,,,,,
B7177,,,,,,,,,,,,,,,,,
B7181,,,,,,,,,,,,,,,,,
B7188,,,,,,,,,,,,,,,,,
B7194,,,,,,,,,,,,,,,,,
B7207,,,,,,,,,,,,,,,,,
B7223,,,,,,,,,,,,,,,,,
B7226,,,,,,,,,,,,,,,,,
B7229,,,,,,,,,,,,,,,,,
B7234,,,,,,,,,,,,,,,,,
B7239,,,,,,,,,,,,,,,,,
B7245,,,,,,,,,,,,,,,,,
B7251,,,,,,,,,,,,,,,,,
B7256,,,,,,,,,,,,,,,,,
B7259,,,,,,,,,,,,,,,,,
B7263,,,,,,,,,,,,,,,,,
B7267,,,,,,,,,,,,,,,,,
B7274,,,,,,,,,,,,,,,,,
B7296,,,,,,,,,,,,,,,,,
B7301,,,,,,,,,,,,,,,,,
B7307,,,,,,,,,,,,,,,,,
B7312,,,,,,,,,,,,,,,,,
B7318,,,,,,,,,,,,,,,,,
B7318,,,,,,,,,,,,,,,,,
B7330,,,,,,,,,,,,,,,,,
B7334,,,,,,,,,,,,,,,,,
B7344,,,,,,,,,,,,,,,,,
B7350,,,,,,,,,,,,,,,,,
B7355,,,,,,,,,,,,,,,,,
B7358,,,,,,,,,,,,,,,,,
B7370,,,,,,,,,,,,,,,,,
B7374,,,,,,,,,,,,,,,,,
B7382,,,,,,,,,,,,,,,,,
B7388,,,,,,,,,,,,,,,,,
B7394,,,,,,,,,,,,,,,,,
B7404,,,,,,,,,,,,,,,,,
B7409,,,,,,,,,,,,,,,,,
B7415,,,,,,,,,,,,,,,,,
B7426,,,,,,,,,,,,,,,,,
B7430,,,,,,,,,,,,,,,,,
B7445,,,,,,,,,,,,,,,,,
B7449,,,,,,,,,,,,,,,,,
B7462,,,,,,,,,,,,,,,,,
B7472,,,,,,,,,,,,,,,,,
B7475,,,,,,,,,,,,,,,,,
B7486,,,,,,,,,,,,,,,,,
B7490,,,,,,,,,,,,,,,,,
B7494,,,,,,,,,,,,,,,,,
B7520,,,,,,,,,,,,,,,,,
B7528,,,,,,,,,,,,,,,,,
B7543,,,,,,,,,,,,,,,,,
B1093,,,,,,,,,,,,,,,,,
B66,,,,,,,,,,,,,,,,,
B88,,,,,,,,,,,,,,,,,
B122,,,,,,,,,,,,,,,,,
B157,,,,,,,,,,,,,,,,,
B211,,,,,,,,,,,,,,,,,
B463,,,,,,,,,,,,,,,,,
B509,,,,,,,,,,,,,,,,,
B546,,,,,,,,,,,,,,,,,
B566,,,,,,,,,,,,,,,,,
B598,,,,,,,,,,,,,,,,,
B621,,,,,,,,,,,,,,,,,
B621,,,,,,,,,,,,,,,,,
B673,,,,,,,,,,,,,,,,,
B694,,,,,,,,,,,,,,,,,
B721,,,,,,,,,,,,,,,,,
B744,,,,,,,,,,,,,,,,,
B766,,,,,,,,,,,,,,,,,
B879,,,,,,,,,,,,,,,,,
B900,,,,,,,,,,,,,,,,,
B921,,,,,,,,,,,,,,,,,
B1037,,,,,,,,,,,,,,,,,
B1066,,,,,,,,,,,,,,,,,
B1096,,,,,,,,,,,,,,,,,
B1122,,,,,,,,,,,,,,,,,
B1239,,,,,,,,,,,,,,,,,
B1262,,,,,,,,,,,,,,,,,
B1294,,,,,,,,,,,,,,,,,
B1333,,,,,,,,,,,,,,,,,
B1359,,,,,,,,,,,,,,,,,
B1389,,,,,,,,,,,,,,,,,
B1419,,,,,,,,,,,,,,,,,
B1478,,,,,,,,,,,,,,,,,
B1529,,,,,,,,,,,,,,,,,
B1529,,,,,,,,,,,,,,,,,
B1555,,,,,,,,,,,,,,,,,
B1585,,,,,,,,,,,,,,,,,
B1597,,,,,,,,,,,,,,,,,
B1608,,,,,,,,,,,,,,,,,
B1643,,,,,,,,,,,,,,,,,
B1670,,,,,,,,,,,,,,,,,
B1681,,,,,,,,,,,,,,,,,
B1702,,,,,,,,,,,,,,,,,
B1718,,,,,,,,,,,,,,,,,
B1718,,,,,,,,,,,,,,,,,
B1741,,,,,,,,,,,,,,,,,
B1884,,,,,,,,,,,,,,,,,
B1926,,,,,,,,,,,,,,,,,
B2056,,,,,,,,,,,,,,,,,
B2056,,,,,,,,,,,,,,,,,
B2115,,,,,,,,,,,,,,,,,
B2139,,,,,,,,,,,,,,,,,
B2286,,,,,,,,,,,,,,,,,
B2286,,,,,,,,,,,,,,,,,
B2363,,,,,,,,,,,,,,,,,
B2374,,,,,,,,,,,,,,,,,
B2374,,,,,,,,,,,,,,,,,
B2374,,,,,,,,,,,,,,,,,
B2472,,,,,,,,,,,,,,,,,
B2472,,,,,,,,,,,,,,,,,
B2472,,,,,,,,,,,,,,,,,
B2494,,,,,,,,,,,,,,,,,
B2494,,,,,,,,,,,,,,,,,
B2531,,,,,,,,,,,,,,,,,
B2559,,,,,,,,,,,,,,,,,
B2559,,,,,,,,,,,,,,,,,
B2559,,,,,,,,,,,,,,,,,
B2601,,,,,,,,,,,,,,,,,
B2638,,,,,,,,,,,,,,,,,
B2675,,,,,,,,,,,,,,,,,
B2756,,,,,,,,,,,,,,,,,
B2789,,,,,,,,,,,,,,,,,
B2819,,,,,,,,,,,,,,,,,
B2839,,,,,,,,,,,,,,,,,
B2857,,,,,,,,,,,,,,,,,
B2927,,,,,,,,,,,,,,,,,
B3005,,,,,,,,,,,,,,,,,
B3029,,,,,,,,,,,,,,,,,
B3048,,,,,,,,,,,,,,,,,
B3066,,,,,,,,,,,,,,,,,
B3093,,,,,,,,,,,,,,,,,
B3093,,,,,,,,,,,,,,,,,
B3165,,,,,,,,,,,,,,,,,
B3205,,,,,,,,,,,,,,,,,
B3238,,,,,,,,,,,,,,,,,
B3257,,,,,,,,,,,,,,,,,
B3292,,,,,,,,,,,,,,,,,
B3306,,,,,,,,,,,,,,,,,
B3326,,,,,,,,,,,,,,,,,
B3406,,,,,,,,,,,,,,,,,
B3434,,,,,,,,,,,,,,,,,
B3502,,,,,,,,,,,,,,,,,
B3547,,,,,,,,,,,,,,,,,
B3574,,,,,,,,,,,,,,,,,
B3588,,,,,,,,,,,,,,,,,
B3588,,,,,,,,,,,,,,,,,
B3605,,,,,,,,,,,,,,,,,
B3632,,,,,,,,,,,,,,,,,
B3646,,,,,,,,,,,,,,,,,
B3671,,,,,,,,,,,,,,,,,
B3699,,,,,,,,,,,,,,,,,
B3717,,,,,,,,,,,,,,,,,
B3750,,,,,,,,,,,,,,,,,
B3768,,,,,,,,,,,,,,,,,
B3768,,,,,,,,,,,,,,,,,
B3786,,,,,,,,,,,,,,,,,
B3807,,,,,,,,,,,,,,,,,
B3818,,,,,,,,,,,,,,,,,
B3871,,,,,,,,,,,,,,,,,
B3903,,,,,,,,,,,,,,,,,
B3939,,,,,,,,,,,,,,,,,
B3957,,,,,,,,,,,,,,,,,
B3991,,,,,,,,,,,,,,,,,
B4006,,,,,,,,,,,,,,,,,
B4025,,,,,,,,,,,,,,,,,
B4039,,,,,,,,,,,,,,,,,
B4092,,,,,,,,,,,,,,,,,
B4113,,,,,,,,,,,,,,,,,
B4137,,,,,,,,,,,,,,,,,
B4197,,,,,,,,,,,,,,,,,
B4226,,,,,,,,,,,,,,,,,
B4257,,,,,,,,,,,,,,,,,
B4274,,,,,,,,,,,,,,,,,
B4291,,,,,,,,,,,,,,,,,
B4325,,,,,,,,,,,,,,,,,
B4351,,,,,,,,,,,,,,,,,
B4361,,,,,,,,,,,,,,,,,
B4389,,,,,,,,,,,,,,,,,
B4425,,,,,,,,,,,,,,,,,
B4463,,,,,,,,,,,,,,,,,
B4483,,,,,,,,,,,,,,,,,
B4483,,,,,,,,,,,,,,,,,
B4503,,,,,,,,,,,,,,,,,
B4542,,,,,,,,,,,,,,,,,
B4558,,,,,,,,,,,,,,,,,
B4587,,,,,,,,,,,,,,,,,
B4613,,,,,,,,,,,,,,,,,
B4645,,,,,,,,,,,,,,,,,
B4678,,,,,,,,,,,,,,,,,
B4696,,,,,,,,,,,,,,,,,
B4723,,,,,,,,,,,,,,,,,
B4740,,,,,,,,,,,,,,,,,
B4758,,,,,,,,,,,,,,,,,
B4791,,,,,,,,,,,,,,,,,
B4811,,,,,,,,,,,,,,,,,
B4811,,,,,,,,,,,,,,,,,
B4825,,,,,,,,,,,,,,,,,
B4835,,,,,,,,,,,,,,,,,
B4847,,,,,,,,,,,,,,,,,
B4864,,,,,,,,,,,,,,,,,
B4888,,,,,,,,,,,,,,,,,
B4900,,,,,,,,,,,,,,,,,
B4912,,,,,,,,,,,,,,,,,
B4937,,,,,,,,,,,,,,,,,
B4953,,,,,,,,,,,,,,,,,
B4953,,,,,,,,,,,,,,,,,
B4970,,,,,,,,,,,,,,,,,
B5007,,,,,,,,,,,,,,,,,
B5044,,,,,,,,,,,,,,,,,
B5065,,,,,,,,,,,,,,,,,
B5080,,,,,,,,,,,,,,,,,
B5100,,,,,,,,,,,,,,,,,
B5114,,,,,,,,,,,,,,,,,
B5139,,,,,,,,,,,,,,,,,
B5155,,,,,,,,,,,,,,,,,
B5155,,,,,,,,,,,,,,,,,
B5184,,,,,,,,,,,,,,,,,
B5184,,,,,,,,,,,,,,,,,
B5205,,,,,,,,,,,,,,,,,
B5218,,,,,,,,,,,,,,,,,
B5235,,,,,,,,,,,,,,,,,
B5259,,,,,,,,,,,,,,,,,
B5279,,,,,,,,,,,,,,,,,
B5296,,,,,,,,,,,,,,,,,
B5312,,,,,,,,,,,,,,,,,
B5336,,,,,,,,,,,,,,,,,
B5361,,,,,,,,,,,,,,,,,
B5377,,,,,,,,,,,,,,,,,
B5398,,,,,,,,,,,,,,,,,
B5398,,,,,,,,,,,,,,,,,
B5419,,,,,,,,,,,,,,,,,
B5444,,,,,,,,,,,,,,,,,
B5457,,,,,,,,,,,,,,,,,
B5467,,,,,,,,,,,,,,,,,
B5495,,,,,,,,,,,,,,,,,
B5525,,,,,,,,,,,,,,,,,
B5541,,,,,,,,,,,,,,,,,
B5578,,,,,,,,,,,,,,,,,
B5590,,,,,,,,,,,,,,,,,
B5590,,,,,,,,,,,,,,,,,
B5621,,,,,,,,,,,,,,,,,
B5640,,,,,,,,,,,,,,,,,
B5651,,,,,,,,,,,,,,,,,
B5663,,,,,,,,,,,,,,,,,
B5684,,,,,,,,,,,,,,,,,
B5704,,,,,,,,,,,,,,,,,
B5721,,,,,,,,,,,,,,,,,
B5721,,,,,,,,,,,,,,,,,
B5735,,,,,,,,,,,,,,,,,
B5787,,,,,,,,,,,,,,,,,
B5804,,,,,,,,,,,,,,,,,
B5821,,,,,,,,,,,,,,,,,
B5842,,,,,,,,,,,,,,,,,
B5864,,,,,,,,,,,,,,,,,
B5884,,,,,,,,,,,,,,,,,
B5904,,,,,,,,,,,,,,,,,
B5918,,,,,,,,,,,,,,,,,
B5942,,,,,,,,,,,,,,,,,
B5956,,,,,,,,,,,,,,,,,
B5965,,,,,,,,,,,,,,,,,
B5994,,,,,,,,,,,,,,,,,
B6009,,,,,,,,,,,,,,,,,
B6025,,,,,,,,,,,,,,,,,
B6025,,,,,,,,,,,,,,,,,
B6052,,,,,,,,,,,,,,,,,
B6082,,,,,,,,,,,,,,,,,
B6096,,,,,,,,,,,,,,,,,
B6111,,,,,,,,,,,,,,,,,
B6128,,,,,,,,,,,,,,,,,
B6147,,,,,,,,,,,,,,,,,
B6180,,,,,,,,,,,,,,,,,
B6195,,,,,,,,,,,,,,,,,
B6219,,,,,,,,,,,,,,,,,
B6242,,,,,,,,,,,,,,,,,
B6242,,,,,,,,,,,,,,,,,
B6264,,,,,,,,,,,,,,,,,
B6282,,,,,,,,,,,,,,,,,
B6305,,,,,,,,,,,,,,,,,
B6328,,,,,,,,,,,,,,,,,
B6362,,,,,,,,,,,,,,,,,
B6362,,,,,,,,,,,,,,,,,
B6376,,,,,,,,,,,,,,,,,
B6376,,,,,,,,,,,,,,,,,
B6392,,,,,,,,,,,,,,,,,
B6397,,,,,,,,,,,,,,,,,
B6406,,,,,,,,,,,,,,,,,
B6410,,,,,,,,,,,,,,,,,
B6421,,,,,,,,,,,,,,,,,
B6426,,,,,,,,,,,,,,,,,
B6438,,,,,,,,,,,,,,,,,
B6447,,,,,,,,,,,,,,,,,
B6447,,,,,,,,,,,,,,,,,
B6454,,,,,,,,,,,,,,,,,
B6454,,,,,,,,,,,,,,,,,
B6461,,,,,,,,,,,,,,,,,
B6471,,,,,,,,,,,,,,,,,
B6475,,,,,,,,,,,,,,,,,
B6478,,,,,,,,,,,,,,,,,
B6481,,,,,,,,,,,,,,,,,
B6487,,,,,,,,,,,,,,,,,
B6490,,,,,,,,,,,,,,,,,
B6496,,,,,,,,,,,,,,,,,
B6501,,,,,,,,,,,,,,,,,
B6505,,,,,,,,,,,,,,,,,
B6515,,,,,,,,,,,,,,,,,
B6515,,,,,,,,,,,,,,,,,
B6520,,,,,,,,,,,,,,,,,
B6524,,,,,,,,,,,,,,,,,
B6528,,,,,,,,,,,,,,,,,
B6532,,,,,,,,,,,,,,,,,
B6536,,,,,,,,,,,,,,,,,
B6540,,,,,,,,,,,,,,,,,
B6544,,,,,,,,,,,,,,,,,
B6551,,,,,,,,,,,,,,,,,
B6556,,,,,,,,,,,,,,,,,
B6556,,,,,,,,,,,,,,,,,
B6556,,,,,,,,,,,,,,,,,
B6562,,,,,,,,,,,,,,,,,
B6566,,,,,,,,,,,,,,,,,
B6569,,,,,,,,,,,,,,,,,
B6574,,,,,,,,,,,,,,,,,
B6580,,,,,,,,,,,,,,,,,
B6580,,,,,,,,,,,,,,,,,
B6584,,,,,,,,,,,,,,,,,
B6584,,,,,,,,,,,,,,,,,
B6592,,,,,,,,,,,,,,,,,
B6596,,,,,,,,,,,,,,,,,
B6601,,,,,,,,,,,,,,,,,
B6605,,,,,,,,,,,,,,,,,
B6605,,,,,,,,,,,,,,,,,
B6610,,,,,,,,,,,,,,,,,
B6614,,,,,,,,,,,,,,,,,
B6614,,,,,,,,,,,,,,,,,
B6614,,,,,,,,,,,,,,,,,
B6619,,,,,,,,,,,,,,,,,
B6623,,,,,,,,,,,,,,,,,
B6628,,,,,,,,,,,,,,,,,
B6632,,,,,,,,,,,,,,,,,
B6632,,,,,,,,,,,,,,,,,
B6639,,,,,,,,,,,,,,,,,
B6643,,,,,,,,,,,,,,,,,
B6643,,,,,,,,,,,,,,,,,
B6648,,,,,,,,,,,,,,,,,
B6652,,,,,,,,,,,,,,,,,
B6658,,,,,,,,,,,,,,,,,
B6661,,,,,,,,,,,,,,,,,
B6665,,,,,,,,,,,,,,,,,
B6685,,,,,,,,,,,,,,,,,
B6693,,,,,,,,,,,,,,,,,
B6705,,,,,,,,,,,,,,,,,
B6711,,,,,,,,,,,,,,,,,
B6716,,,,,,,,,,,,,,,,,
B6723,,,,,,,,,,,,,,,,,
B6730,,,,,,,,,,,,,,,,,
B6735,,,,,,,,,,,,,,,,,
B6741,,,,,,,,,,,,,,,,,
B6741,,,,,,,,,,,,,,,,,
B6750,,,,,,,,,,,,,,,,,
B6756,,,,,,,,,,,,,,,,,
B6763,,,,,,,,,,,,,,,,,
B6773,,,,,,,,,,,,,,,,,
B6778,,,,,,,,,,,,,,,,,
B6783,,,,,,,,,,,,,,,,,
B6787,,,,,,,,,,,,,,,,,
B6792,,,,,,,,,,,,,,,,,
B6797,,,,,,,,,,,,,,,,,
B6803,,,,,,,,,,,,,,,,,
B6807,,,,,,,,,,,,,,,,,
B6810,,,,,,,,,,,,,,,,,
B6815,,,,,,,,,,,,,,,,,
B6818,,,,,,,,,,,,,,,,,
B6823,,,,,,,,,,,,,,,,,
B6829,,,,,,,,,,,,,,,,,
B6832,,,,,,,,,,,,,,,,,
B6836,,,,,,,,,,,,,,,,,
B6847,,,,,,,,,,,,,,,,,
B6852,,,,,,,,,,,,,,,,,
B6859,,,,,,,,,,,,,,,,,
B6863,,,,,,,,,,,,,,,,,
B6869,,,,,,,,,,,,,,,,,
B6872,,,,,,,,,,,,,,,,,
B6878,,,,,,,,,,,,,,,,,
B6878,,,,,,,,,,,,,,,,,
B6883,,,,,,,,,,,,,,,,,
B6891,,,,,,,,,,,,,,,,,
B6897,,,,,,,,,,,,,,,,,
B6905,,,,,,,,,,,,,,,,,
B6911,,,,,,,,,,,,,,,,,
B6921,,,,,,,,,,,,,,,,,
B6929,,,,,,,,,,,,,,,,,
B6933,,,,,,,,,,,,,,,,,
B6939,,,,,,,,,,,,,,,,,
B6944,,,,,,,,,,,,,,,,,
B6948,,,,,,,,,,,,,,,,,
B6957,,,,,,,,,,,,,,,,,
B6968,,,,,,,,,,,,,,,,,
B6973,,,,,,,,,,,,,,,,,
B6989,,,,,,,,,,,,,,,,,
B6995,,,,,,,,,,,,,,,,,
B7003,,,,,,,,,,,,,,,,,
B7008,,,,,,,,,,,,,,,,,
B7012,,,,,,,,,,,,,,,,,
B7017,,,,,,,,,,,,,,,,,
B7022,,,,,,,,,,,,,,,,,
B7027,,,,,,,,,,,,,,,,,
B7030,,,,,,,,,,,,,,,,,
B7034,,,,,,,,,,,,,,,,,
B7040,,,,,,,,,,,,,,,,,
B7046,,,,,,,,,,,,,,,,,
B7051,,,,,,,,,,,,,,,,,
B7061,,,,,,,,,,,,,,,,,
B7067,,,,,,,,,,,,,,,,,
B7073,,,,,,,,,,,,,,,,,
B7078,,,,,,,,,,,,,,,,,
B7083,,,,,,,,,,,,,,,,,
B7087,,,,,,,,,,,,,,,,,
B7092,,,,,,,,,,,,,,,,,
B7097,,,,,,,,,,,,,,,,,
B7102,,,,,,,,,,,,,,,,,
B7112,,,,,,,,,,,,,,,,,
B7119,,,,,,,,,,,,,,,,,
B7126,,,,,,,,,,,,,,,,,
B7132,,,,,,,,,,,,,,,,,
B7136,,,,,,,,,,,,,,,,,
B7144,,,,,,,,,,,,,,,,,
B7149,,,,,,,,,,,,,,,,,
B7155,,,,,,,,,,,,,,,,,
B7158,,,,,,,,,,,,,,,,,
B7164,,,,,,,,,,,,,,,,,
B7176,,,,,,,,,,,,,,,,,
B7180,,,,,,,,,,,,,,,,,
B7186,,,,,,,,,,,,,,,,,
B7193,,,,,,,,,,,,,,,,,
B7205,,,,,,,,,,,,,,,,,
B7222,,,,,,,,,,,,,,,,,
B7225,,,,,,,,,,,,,,,,,
B7228,,,,,,,,,,,,,,,,,
B7233,,,,,,,,,,,,,,,,,
B7238,,,,,,,,,,,,,,,,,
B7243,,,,,,,,,,,,,,,,,
B7249,,,,,,,,,,,,,,,,,
B7255,,,,,,,,,,,,,,,,,
B7258,,,,,,,,,,,,,,,,,
B7262,,,,,,,,,,,,,,,,,
B7266,,,,,,,,,,,,,,,,,
B7272,,,,,,,,,,,,,,,,,
B7295,,,,,,,,,,,,,,,,,
B7300,,,,,,,,,,,,,,,,,
B7306,,,,,,,,,,,,,,,,,
B7311,,,,,,,,,,,,,,,,,
B7316,,,,,,,,,,,,,,,,,
B7316,,,,,,,,,,,,,,,,,
B7329,,,,,,,,,,,,,,,,,
B7332,,,,,,,,,,,,,,,,,
B7343,,,,,,,,,,,,,,,,,
B7349,,,,,,,,,,,,,,,,,
B7354,,,,,,,,,,,,,,,,,
B7357,,,,,,,,,,,,,,,,,
B7369,,,,,,,,,,,,,,,,,
B7373,,,,,,,,,,,,,,,,,
B7380,,,,,,,,,,,,,,,,,
B7386,,,,,,,,,,,,,,,,,
B7393,,,,,,,,,,,,,,,,,
B7403,,,,,,,,,,,,,,,,,
B7408,,,,,,,,,,,,,,,,,
B7414,,,,,,,,,,,,,,,,,
B7425,,,,,,,,,,,,,,,,,
B7429,,,,,,,,,,,,,,,,,
B7444,,,,,,,,,,,,,,,,,
B7448,,,,,,,,,,,,,,,,,
B7461,,,,,,,,,,,,,,,,,
B7471,,,,,,,,,,,,,,,,,
B7474,,,,,,,,,,,,,,,,,
B7485,,,,,,,,,,,,,,,,,
B7489,,,,,,,,,,,,,,,,,
B7493,,,,,,,,,,,,,,,,,
B7519,,,,,,,,,,,,,,,,,
B7527,,,,,,,,,,,,,,,,,
B7542,,,,,,,,,,,,,,,,,
